{
  "version": 2,
  "means": [
    -1.2971021533303428e-05,
    0.5004354119300842,
    -0.015569140203297138,
    0.03146252781152725,
    -0.33272916078567505,
    1.808407796488609e-05,
    -0.10652691125869751,
    0.0007166450377553701,
    5.94238656503876e-07,
    -1.651164438953856e-06,
    0.20599977672100067,
    0.5015332698822021,
    0.4999038875102997,
    0.18869107961654663,
    0.1444123536348343,
    0.02830333262681961,
    0.5825811624526978,
    0.7777273058891296,
    0.004748025443404913,
    0.4126707911491394,
    0.32391563057899475,
    0.19548389315605164,
    0.2619249224662781,
    0.13697192072868347,
    0.08170364797115326,
    0.49846434593200684,
    0.632239580154419,
    0.034207724034786224,
    0.003606070764362812,
    0.4978419840335846,
    0.30974990129470825,
    0.03248700872063637,
    0.3331773281097412,
    0.2589632570743561,
    0.480135053396225,
    0.5007067322731018,
    0.49852341413497925,
    0.4997963011264801,
    0.500254213809967,
    0.49992436170578003,
    0.34183818101882935,
    0.16225603222846985,
    -0.03492189943790436,
    0.0028518815524876118,
    0.4993564188480377,
    8.840348186822666e-07,
    -0.03973177820444107,
    0.038972608745098114,
    0.07486280053853989,
    7.445260621352645e-07,
    1.1446022654126864e-06,
    0.29157915711402893,
    0.3893197178840637,
    0.0023755088914185762,
    -2.2054075543564977e-06,
    0.15467698872089386,
    0.01802024617791176,
    0.0016416518483310938,
    -2.0303070545196533,
    0.4995117485523224,
    0.6478155851364136,
    3.8065383705543354e-05,
    0.001849536900408566,
    2.419907474404681e-08,
    0.0028452901169657707,
    -0.0015356650110334158,
    0.01566426455974579,
    0.003552451729774475,
    0.16733573377132416,
    0.6196243762969971,
    0.31325891613960266,
    0.6193744540214539,
    0.0152591522783041,
    0.015917053446173668
  ],
  "stds": [
    0.0025439132004976273,
    0.16084115207195282,
    3.7109477519989014,
    15.279178619384766,
    51.8277473449707,
    0.0025179623626172543,
    6.80632209777832,
    0.3562137484550476,
    0.0006524019408971071,
    0.0011889239540323615,
    0.10482945293188095,
    0.26896753907203674,
    0.1083008348941803,
    0.10635711252689362,
    0.17639411985874176,
    0.01595357246696949,
    0.49311766028404236,
    0.17986902594566345,
    0.06873278319835663,
    0.4921652674674988,
    0.4678446352481842,
    0.3965483605861664,
    0.4397105574607849,
    0.34370341897010803,
    0.27389565110206604,
    0.49999433755874634,
    0.4820195138454437,
    0.1818193644285202,
    0.003193990094587207,
    0.3329397439956665,
    0.4623006582260132,
    0.02840215340256691,
    0.0635129064321518,
    0.43810561299324036,
    0.13227590918540955,
    0.16399481892585754,
    0.2638111412525177,
    0.10980907082557678,
    0.3300105035305023,
    0.11335594207048416,
    0.1676296442747116,
    0.19244369864463806,
    0.7059968113899231,
    0.7073550820350647,
    0.10724812746047974,
    0.00034624116960912943,
    0.26454976201057434,
    0.0337708406150341,
    0.0535556823015213,
    0.0006133693386800587,
    0.0005483023123815656,
    0.28238555788993835,
    0.16376489400863647,
    0.03604751452803612,
    0.0005804586689919233,
    0.2879195213317871,
    0.49125561118125916,
    0.0019093143055215478,
    3.1047916412353516,
    0.2537683844566345,
    0.4776628017425537,
    0.01810099370777607,
    0.47191184759140015,
    0.0002148255443898961,
    3.7109827995300293,
    0.6111501455307007,
    0.03971034288406372,
    0.1149328351020813,
    0.3013048470020294,
    0.34529462456703186,
    0.37694910168647766,
    0.768267810344696,
    0.015398128889501095,
    0.1315811574459076
  ],
  "feature_names": [
    "ptb_dist_pct",
    "rsi_norm",
    "rsi_slope",
    "macd_hist",
    "macd_line",
    "vwap_dist",
    "vwap_slope",
    "ha_signed_consec",
    "delta_1m_pct",
    "delta_3m_pct",
    "vol_ratio_norm",
    "minutes_left_norm",
    "rule_prob_up",
    "rule_confidence",
    "vwap_cross_count_norm",
    "best_edge",
    "regime_trending",
    "regime_confidence",
    "regime_mean_reverting",
    "regime_moderate",
    "session_asia",
    "session_europe",
    "session_us",
    "session_overlap",
    "session_offhours",
    "ha_is_green",
    "multi_tf_agreement",
    "failed_vwap_reclaim",
    "bb_width",
    "bb_percent_b",
    "bb_squeeze",
    "atr_pct_norm",
    "atr_ratio_norm",
    "atr_expanding",
    "vol_delta_buy_ratio",
    "vol_delta_accel",
    "ema_dist_norm",
    "ema_cross_signal",
    "stoch_k_norm",
    "stoch_kd_norm",
    "volume_acceleration",
    "bb_squeeze_intensity",
    "hour_sin",
    "hour_cos",
    "market_yes_price",
    "market_price_momentum",
    "orderbook_imbalance",
    "spread_pct",
    "crowd_model_divergence",
    "delta_1m_capped",
    "momentum_accel",
    "rsi_x_trending",
    "rsi_x_regime_conf",
    "rsi_x_mean_rev",
    "delta1m_x_multitf",
    "bb_pctb_x_squeeze",
    "vol_buy_x_delta",
    "vwap_trend_strength",
    "rsi_divergence",
    "combined_oscillator",
    "ha_delta_agree",
    "delta_1m_atr_adj",
    "price_position_score",
    "vol_weighted_momentum",
    "macd_x_rsi_slope",
    "trend_alignment_score",
    "oscillator_extreme",
    "vol_momentum_confirm",
    "squeeze_breakout_potential",
    "multi_indicator_agree",
    "stoch_rsi_extreme",
    "crowd_agree_momentum",
    "divergence_x_confidence",
    "imbalance_x_vol_delta"
  ],
  "num_features": 74,
  "original_features": 49,
  "platt_a": 5.264485109896535,
  "platt_b": -2.642001639320014,
  "pruned_features": [
    "regime_trending",
    "regime_mean_reverting",
    "session_europe",
    "session_overlap",
    "failed_vwap_reclaim",
    "bb_squeeze",
    "atr_expanding",
    "ema_cross_signal"
  ],
  "engineered_feature_specs": {
    "delta_1m_capped": {
      "type": "clip",
      "source": "delta_1m_pct",
      "clip_std": 3
    },
    "momentum_accel": {
      "type": "formula",
      "formula": "delta_1m - delta_3m/3"
    },
    "rsi_x_trending": {
      "type": "multiply",
      "a": "rsi_norm",
      "b": "regime_trending"
    },
    "rsi_x_regime_conf": {
      "type": "multiply",
      "a": "rsi_norm",
      "b": "regime_confidence"
    },
    "rsi_x_mean_rev": {
      "type": "multiply",
      "a": "rsi_norm",
      "b": "regime_mean_reverting"
    },
    "delta1m_x_multitf": {
      "type": "multiply",
      "a": "delta_1m_pct",
      "b": "multi_tf_agreement"
    },
    "bb_pctb_x_squeeze": {
      "type": "multiply",
      "a": "bb_percent_b",
      "b": "bb_squeeze"
    },
    "vol_buy_x_delta": {
      "type": "formula",
      "formula": "vol_delta_buy_ratio * sign(delta_1m_pct)"
    },
    "vwap_trend_strength": {
      "type": "formula",
      "formula": "vwap_dist * sign(vwap_slope)"
    },
    "rsi_divergence": {
      "type": "formula",
      "formula": "sign(delta_3m_pct) * (-rsi_slope)"
    },
    "combined_oscillator": {
      "type": "formula",
      "formula": "(rsi_norm + stoch_k_norm + bb_percent_b) / 3"
    },
    "ha_delta_agree": {
      "type": "formula",
      "formula": "sign(ha_signed_consec) == sign(delta_1m_pct) ? 1 : 0"
    },
    "delta_1m_atr_adj": {
      "type": "formula",
      "formula": "delta_1m_pct / max(atr_pct_norm, 0.01)"
    },
    "price_position_score": {
      "type": "formula",
      "formula": "sign(vwap_dist)*0.4 + (bb_percent_b-0.5)*0.3 + (ema_cross_signal-0.5)*0.3"
    },
    "vol_weighted_momentum": {
      "type": "multiply",
      "a": "delta_1m_pct",
      "b": "vol_ratio_norm"
    },
    "macd_x_rsi_slope": {
      "type": "formula",
      "formula": "sign(macd_line) * rsi_slope"
    },
    "trend_alignment_score": {
      "type": "formula",
      "formula": "regime_trending * multi_tf_agreement * sign(delta_1m_pct)"
    },
    "oscillator_extreme": {
      "type": "formula",
      "formula": "max(rsi_norm - 0.7, 0) + max(0.3 - rsi_norm, 0)"
    },