{
  "version": 3,
  "means": [
    -2.412105823168531e-05,
    0.500295102596283,
    0.027961188927292824,
    0.033400941640138626,
    -0.6079627871513367,
    5.530204816750484e-06,
    -0.1489616185426712,
    -0.0009193713776767254,
    4.909314156975597e-06,
    -3.016787388787634e-07,
    0.2046252191066742,
    0.6160821914672852,
    0.5003304481506348,
    0.18762408196926117,
    0.14506687223911285,
    0.02814364805817604,
    0.2761290967464447,
    0.6119542717933655,
    0.16018246114253998,
    0.5636884570121765,
    0.3312912583351135,
    0.20253533124923706,
    0.253348171710968,
    0.13016150891780853,
    0.08266369998455048,
    0.5017901062965393,
    0.6372291445732117,
    0.03779138997197151,
    0.003364162053912878,
    0.5001449584960938,
    0.322910875082016,
    0.03025725483894348,
    0.332624226808548,
    0.26941946148872375,
    0.48283785581588745,
    0.499922513961792,
    0.49834683537483215,
    0.5009679794311523,
    0.49955105781555176,
    0.5007733702659607,
    0.33946314454078674,
    0.1693733185529709,
    -0.011660122312605381,
    0.001962081529200077,
    0.49942174553871155,
    -0.00013984271208755672,
    -0.030708450824022293,
    0.03380080312490463,
    0.08438898622989655,
    -1.9319463717692997e-06,
    0.2840942144393921,
    0.5302497148513794,
    0.0,
    0.0,
    0.49527785181999207,
    0.292284220457077,
    0.4937296211719513,
    0.004748077597469091,
    0.4902803301811218,
    4.391301445139106e-06,
    5.009889719076455e-06,
    0.1375795304775238,
    0.30574461817741394,
    0.08043959736824036,
    2.286948529217625e-06,
    0.1627957820892334,
    0.013586677610874176,
    0.0015061016893014312,
    -2.0229249000549316,
    0.49999579787254333,
    0.6598774790763855,
    0.00010518337512621656,
    0.004163721576333046,
    2.7911430606764043e-06,
    -0.0368160717189312,
    0.0006895271362736821,
    0.015109963715076447,
    0.0028994535095989704,
    0.17543449997901917,
    0.6214953064918518,
    0.3056442439556122,
    0.5572174787521362,
    0.016936946660280228,
    0.01868554763495922
  ],
  "stds": [
    0.002429512795060873,
    0.1591252237558365,
    3.716343641281128,
    14.421420097351074,
    49.71367645263672,
    0.002333654323592782,
    6.7451958656311035,
    0.3592820167541504,
    0.0006558377644978464,
    0.0010454623261466622,
    0.10681676119565964,
    0.25657615065574646,
    0.10771264880895615,
    0.1058579757809639,
    0.17702168226242065,
    0.01587868481874466,
    0.44702982902526855,
    0.15495599806308746,
    0.36678674817085266,
    0.4959457814693451,
    0.47074949741363525,
    0.40187129378318787,
    0.4348635673522949,
    0.33643579483032227,
    0.27538150548934937,
    0.4999937117099762,
    0.480907142162323,
    0.1907016634941101,
    0.0030293867457658052,
    0.33282825350761414,
    0.46767282485961914,
    0.026315907016396523,
    0.0687788650393486,
    0.443685382604599,
    0.13475921750068665,
    0.16869714856147766,
    0.2537199854850769,
    0.11065211892127991,
    0.3277854025363922,
    0.10836994647979736,
    0.17078164219856262,
    0.19778315722942352,
    0.7070711255073547,
    0.7070508003234863,
    0.12126582115888596,
    0.017369387671351433,
    0.2906529903411865,
    0.03102441318333149,
    0.06889480352401733,
    0.0002777222543954849,
    0.11469393223524094,
    0.1475769579410553,
    1.0,
    1.0,
    0.10963821411132812,
    0.3018682599067688,
    0.12283464521169662,
    0.19130061566829681,
    0.4998539388179779,
    0.0006169370608404279,
    0.0005280360346660018,
    0.24624021351337433,
    0.13313028216362,
    0.19244778156280518,
    0.0005913274944759905,
    0.2957182824611664,
    0.49287834763526917,
    0.0017825926188379526,
    3.1152806282043457,
    0.25174105167388916,
    0.4737909734249115,
    0.019025882706046104,
    0.47156503796577454,
    0.00021436568931676447,
    3.71626615524292,
    0.4275858700275421,
    0.039213377982378006,
    0.11410444229841232,
    0.30704328417778015,
    0.3105931282043457,
    0.3737958073616028,
    0.7680070996284485,
    0.018034761771559715,
    0.1451355516910553
  ],
  "feature_names": [
    "ptb_dist_pct",
    "rsi_norm",
    "rsi_slope",
    "macd_hist",
    "macd_line",
    "vwap_dist",
    "vwap_slope",
    "ha_signed_consec",
    "delta_1m_pct",
    "delta_3m_pct",
    "vol_ratio_norm",
    "minutes_left_norm",
    "rule_prob_up",
    "rule_confidence",
    "vwap_cross_count_norm",
    "best_edge",
    "regime_trending",
    "regime_confidence",
    "regime_mean_reverting",
    "regime_moderate",
    "session_asia",
    "session_europe",
    "session_us",
    "session_overlap",
    "session_offhours",
    "ha_is_green",
    "multi_tf_agreement",
    "failed_vwap_reclaim",
    "bb_width",
    "bb_percent_b",
    "bb_squeeze",
    "atr_pct_norm",
    "atr_ratio_norm",
    "atr_expanding",
    "vol_delta_buy_ratio",
    "vol_delta_accel",
    "ema_dist_norm",
    "ema_cross_signal",
    "stoch_k_norm",
    "stoch_kd_norm",
    "volume_acceleration",
    "bb_squeeze_intensity",
    "hour_sin",
    "hour_cos",
    "market_yes_price",
    "market_price_momentum",
    "orderbook_imbalance",
    "spread_pct",
    "crowd_model_divergence",
    "momentum_5candle_slope",
    "volatility_change_ratio",
    "price_consistency",
    "funding_rate_norm",
    "funding_rate_change",
    "sm_bull_ratio",
    "sm_flow_intensity",
    "sm_early_signal",
    "sm_flow_accel",
    "sm_activity",
    "delta_1m_capped",
    "momentum_accel",
    "rsi_x_trending",
    "rsi_x_regime_conf",
    "rsi_x_mean_rev",
    "delta1m_x_multitf",
    "bb_pctb_x_squeeze",
    "vol_buy_x_delta",
    "vwap_trend_strength",
    "rsi_divergence",
    "combined_oscillator",
    "ha_delta_agree",
    "delta_1m_atr_adj",
    "price_position_score",
    "vol_weighted_momentum",
    "macd_x_rsi_slope",
    "trend_alignment_score",
    "oscillator_extreme",
    "vol_momentum_confirm",
    "squeeze_breakout_potential",
    "multi_indicator_agree",
    "stoch_rsi_extreme",
    "crowd_agree_momentum",
    "divergence_x_confidence",
    "imbalance_x_vol_delta"
  ],
  "num_features": 84,
  "original_features": 59,
  "platt_a": 1.1606311283736024,
  "platt_b": 0.0380892261866148,
  "platt_on_logits": true,
  "pruned_features": [
    "vol_ratio_norm",
    "regime_trending",
    "regime_confidence",
    "session_overlap",
    "failed_vwap_reclaim",
    "bb_squeeze",
    "funding_rate_norm",
    "funding_rate_change",
    "rsi_divergence",
    "oscillator_extreme",
    "divergence_x_confidence"
  ],
  "engineered_feature_specs": {
    "delta_1m_capped": {
      "type": "clip",
      "source": "delta_1m_pct",
      "clip_std": 3
    },
    "momentum_accel": {
      "type": "formula",
      "formula": "delta_1m - delta_3m/3"
    },
    "rsi_x_trending": {
      "type": "multiply",
      "a": "rsi_norm",
      "b": "regime_trending"
    },
    "rsi_x_regime_conf": {
      "type": "multiply",
      "a": "rsi_norm",
      "b": "regime_confidence"
    },
    "rsi_x_mean_rev": {
      "type": "multiply",
      "a": "rsi_norm",
      "b": "regime_mean_reverting"
    },
    "delta1m_x_multitf": {
      "type": "multiply",
      "a": "delta_1m_pct",
      "b": "multi_tf_agreement"
    },
    "bb_pctb_x_squeeze": {
      "type": "multiply",
      "a": "bb_percent_b",
      "b": "bb_squeeze"
    },
    "vol_buy_x_delta": {
      "type": "formula",
      "formula": "vol_delta_buy_ratio * sign(delta_1m_pct)"
    },
    "vwap_trend_strength": {
      "type": "formula",
      "formula": "vwap_dist * sign(vwap_slope)"
    },
    "rsi_divergence": {
      "type": "formula",
      "formula": "sign(delta_3m_pct) * (-rsi_slope)"
    },
    "combined_oscillator": {
      "type": "formula",
      "formula": "(rsi_norm + stoch_k_norm + bb_percent_b) / 3"
    },
    "ha_delta_agree": {
      "type": "formula",