{
  "version": 3,
  "means": [
    -6.563529950653901e-06,
    0.5007985234260559,
    0.006752524524927139,
    0.034824974834918976,
    -0.2898433208465576,
    1.3809820302412845e-05,
    -0.11086618900299072,
    0.001465942244976759,
    -3.4685958780755755e-06,
    -2.857643949027988e-06,
    0.20596839487552643,
    0.4604921042919159,
    0.5002380013465881,
    0.1866873949766159,
    0.14403057098388672,
    0.028003092855215073,
    0.29790961742401123,
    0.6182599067687988,
    0.14497719705104828,
    0.5571131706237793,
    0.32372918725013733,
    0.19577893614768982,
    0.26042860746383667,
    0.13964271545410156,
    0.08042055368423462,
    0.5006203055381775,
    0.606147050857544,
    0.031991440802812576,
    0.003588432678952813,
    0.49944305419921875,
    0.3178364336490631,
    0.03228725492954254,
    0.3331827223300934,
    0.2631423771381378,
    0.48260006308555603,
    0.5004794597625732,
    0.498842716217041,
    0.5001628398895264,
    0.5005334615707397,
    0.5004785656929016,
    0.34165745973587036,
    0.16596604883670807,
    -0.03435145318508148,
    -0.0013399759773164988,
    0.4996354281902313,
    -1.1927922969334759e-06,
    -0.034803833812475204,
    0.03873139247298241,
    0.07493899762630463,
    -3.0289317010101513e-07,
    0.28489190340042114,
    0.5357699394226074,
    0.0,
    0.0,
    -2.2831866317574168e-06,
    -2.5160281893477077e-06,
    0.14869509637355804,
    0.30925846099853516,
    0.07280823588371277,
    -3.793298446908011e-06,
    0.16012980043888092,
    0.012664924375712872,
    0.001621072180569172,
    -1.8844430446624756,
    0.500257134437561,
    0.6343702673912048,
    1.936152557391324e-06,
    0.003727409290149808,
    -1.131593421632715e-06,
    -0.02959004044532776,
    -0.003582172794267535,
    0.015200383961200714,
    0.0025027799420058727,
    0.17294755578041077,
    0.6027019023895264,
    0.31427451968193054,
    0.5931519865989685,
    0.015111718326807022,
    0.018387598916888237
  ],
  "stds": [
    0.0025705620646476746,
    0.15924474596977234,
    3.551928758621216,
    15.06370735168457,
    51.55307388305664,
    0.0024918830022215843,
    6.788904190063477,
    0.3616364300251007,
    0.0006321733817458153,
    0.0011119141709059477,
    0.10664115846157074,
    0.275115430355072,
    0.10717324912548065,
    0.10531959682703018,
    0.17687612771987915,
    0.015797961503267288,
    0.4574698209762573,
    0.1578834503889084,
    0.352037638425827,
    0.49683356285095215,
    0.4678116738796234,
    0.3966599702835083,
    0.43873655796051025,
    0.3466508686542511,
    0.2718353271484375,
    0.5000000596046448,
    0.4886001944541931,
    0.17592944204807281,
    0.003191601485013962,
    0.3282880187034607,
    0.4655890464782715,
    0.028030013665556908,
    0.06555096805095673,
    0.4404008090496063,
    0.1326342523097992,
    0.16511628031730652,
    0.263241171836853,
    0.10829271376132965,
    0.33043885231018066,
    0.10950513184070587,
    0.1701829582452774,
    0.19494007527828217,
    0.7061317563056946,
    0.7072317600250244,
    0.10747580975294113,
    0.00033688705298118293,
    0.26526880264282227,
    0.03328133001923561,
    0.05359027534723282,
    0.0002976343093905598,
    0.11197993159294128,
    0.14836092293262482,
    1.0,
    1.0,
    0.0005703940987586975,
    0.0005229860544204712,
    0.2531605660915375,
    0.13583673536777496,
    0.18417130410671234,
    0.0005568712367676198,
    0.291304349899292,
    0.4919808506965637,
    0.0018925786716863513,
    3.0084621906280518,
    0.25214990973472595,
    0.48163825273513794,
    0.017125969752669334,
    0.469816654920578,
    0.0002391251182416454,
    3.5518076419830322,
    0.43380436301231384,
    0.03914042189717293,
    0.11545228958129883,
    0.30553725361824036,
    0.36783406138420105,
    0.3776560425758362,
    0.7842421531677246,
    0.015275011770427227,
    0.1327058970928192
  ],
  "feature_names": [
    "ptb_dist_pct",
    "rsi_norm",
    "rsi_slope",
    "macd_hist",
    "macd_line",
    "vwap_dist",
    "vwap_slope",
    "ha_signed_consec",
    "delta_1m_pct",
    "delta_3m_pct",
    "vol_ratio_norm",
    "minutes_left_norm",
    "rule_prob_up",
    "rule_confidence",
    "vwap_cross_count_norm",
    "best_edge",
    "regime_trending",
    "regime_confidence",
    "regime_mean_reverting",
    "regime_moderate",
    "session_asia",
    "session_europe",
    "session_us",
    "session_overlap",
    "session_offhours",
    "ha_is_green",
    "multi_tf_agreement",
    "failed_vwap_reclaim",
    "bb_width",
    "bb_percent_b",
    "bb_squeeze",
    "atr_pct_norm",
    "atr_ratio_norm",
    "atr_expanding",
    "vol_delta_buy_ratio",
    "vol_delta_accel",
    "ema_dist_norm",
    "ema_cross_signal",
    "stoch_k_norm",
    "stoch_kd_norm",
    "volume_acceleration",
    "bb_squeeze_intensity",
    "hour_sin",
    "hour_cos",
    "market_yes_price",
    "market_price_momentum",
    "orderbook_imbalance",
    "spread_pct",
    "crowd_model_divergence",
    "momentum_5candle_slope",
    "volatility_change_ratio",
    "price_consistency",
    "funding_rate_norm",
    "funding_rate_change",
    "delta_1m_capped",
    "momentum_accel",
    "rsi_x_trending",
    "rsi_x_regime_conf",
    "rsi_x_mean_rev",
    "delta1m_x_multitf",
    "bb_pctb_x_squeeze",
    "vol_buy_x_delta",
    "vwap_trend_strength",
    "rsi_divergence",
    "combined_oscillator",
    "ha_delta_agree",
    "delta_1m_atr_adj",
    "price_position_score",
    "vol_weighted_momentum",
    "macd_x_rsi_slope",
    "trend_alignment_score",
    "oscillator_extreme",
    "vol_momentum_confirm",
    "squeeze_breakout_potential",
    "multi_indicator_agree",
    "stoch_rsi_extreme",
    "crowd_agree_momentum",
    "divergence_x_confidence",
    "imbalance_x_vol_delta"
  ],
  "num_features": 79,
  "original_features": 54,
  "platt_a": 1.8518199999163705,
  "platt_b": 0.0103053735881085,
  "platt_on_logits": true,
  "pruned_features": [
    "funding_rate_norm",
    "funding_rate_change"
  ],
  "engineered_feature_specs": {
    "delta_1m_capped": {
      "type": "clip",
      "source": "delta_1m_pct",
      "clip_std": 3
    },
    "momentum_accel": {
      "type": "formula",
      "formula": "delta_1m - delta_3m/3"
    },
    "rsi_x_trending": {
      "type": "multiply",
      "a": "rsi_norm",
      "b": "regime_trending"
    },
    "rsi_x_regime_conf": {
      "type": "multiply",
      "a": "rsi_norm",
      "b": "regime_confidence"
    },
    "rsi_x_mean_rev": {
      "type": "multiply",
      "a": "rsi_norm",
      "b": "regime_mean_reverting"
    },
    "delta1m_x_multitf": {
      "type": "multiply",
      "a": "delta_1m_pct",
      "b": "multi_tf_agreement"
    },
    "bb_pctb_x_squeeze": {
      "type": "multiply",
      "a": "bb_percent_b",
      "b": "bb_squeeze"
    },
    "vol_buy_x_delta": {
      "type": "formula",
      "formula": "vol_delta_buy_ratio * sign(delta_1m_pct)"
    },
    "vwap_trend_strength": {
      "type": "formula",
      "formula": "vwap_dist * sign(vwap_slope)"
    },
    "rsi_divergence": {
      "type": "formula",
      "formula": "sign(delta_3m_pct) * (-rsi_slope)"
    },
    "combined_oscillator": {
      "type": "formula",
      "formula": "(rsi_norm + stoch_k_norm + bb_percent_b) / 3"
    },
    "ha_delta_agree": {
      "type": "formula",
      "formula": "sign(ha_signed_consec) == sign(delta_1m_pct) ? 1 : 0"
    },
    "delta_1m_atr_adj": {
      "type": "formula",
      "formula": "delta_1m_pct / max(atr_pct_norm, 0.01)"
    },
    "price_position_score": {
      "type": "formula",
      "formula": "sign(vwap_dist)*0.4 + (bb_percent_b-0.5)*0.3 + (ema_cross_signal-0.5)*0.3"
    },
    "vol_weighted_momentum": {
      "type": "multiply",
      "a": "delta_1m_pct",
      "b": "vol_ratio_norm"
    },
    "macd_x_rsi_slope": {
      "type": "formula",
      "formula": "sign(macd_line) * rsi_slope"
    },