{
  "version": 2,
  "means": [
    -6.565280727954814e-06,
    0.5010295510292053,
    0.016749005764722824,
    0.028535455465316772,
    -0.2792934775352478,
    4.618443927029148e-05,
    -0.10668060183525085,
    0.0021778291556984186,
    2.3136960862757405e-06,
    1.017759132082574e-06,
    0.20787109434604645,
    0.5011557340621948,
    0.5002680420875549,
    0.19047412276268005,
    0.14459529519081116,
    0.028571147471666336,
    0.616058886051178,
    0.7925589680671692,
    0.004091352224349976,
    0.37984976172447205,
    0.3139827847480774,
    0.1882782131433487,
    0.2696745991706848,
    0.14709869027137756,
    0.08096571266651154,
    0.5021216869354248,
    0.6374149918556213,
    0.03926685079932213,
    0.0040417988784611225,
    0.49900615215301514,
    0.3112087845802307,
    0.03708412125706673,
    0.3336491882801056,
    0.25622251629829407,
    0.4828549921512604,
    0.5000653862953186,
    0.49949586391448975,
    0.5003229975700378,
    0.5013887286186218,
    0.5005491971969604,
    0.34480106830596924,
    0.1629325896501541,
    -0.06027805805206299,
    0.0001330331724602729,
    0.4996326267719269,
    1.5972520941431867e-06,
    -0.03429447114467621,
    0.044490374624729156,
    0.0779152661561966,
    -9.063337529369164e-07,
    0.2867622375488281,
    0.5376925468444824,
    0.0,
    0.0,
    1.6114900063257664e-06,
    1.9744429664569907e-06,
    0.3089008927345276,
    0.39729025959968567,
    0.002062578219920397,
    3.192496251358534e-06,
    0.15495076775550842,
    0.01198421698063612,
    0.0018143157940357924,
    -2.0525171756744385,
    0.5004730820655823,
    0.6771631836891174,
    3.536986332619563e-05,
    0.003715280443429947,
    1.8906979448729544e-06,
    -0.12977086007595062,
    -0.0002153343375539407,
    0.014367992989718914,
    0.002537449821829796,
    0.1683160960674286,
    0.633804440498352,
    0.3049179017543793,
    0.6859285235404968,
    0.0156539399176836,
    0.013547156006097794
  ],
  "stds": [
    0.00282328762114048,
    0.15751367807388306,
    3.6895246505737305,
    15.94062614440918,
    54.926292419433594,
    0.002731181913986802,
    7.465546607971191,
    0.3558398485183716,
    0.000781360431574285,
    0.0012465155450627208,
    0.10660113394260406,
    0.269004762172699,
    0.10928747057914734,
    0.10721548646688461,
    0.17662081122398376,
    0.016082394868135452,
    0.4863206148147583,
    0.17699459195137024,
    0.06384792178869247,
    0.48544836044311523,
    0.4641401469707489,
    0.39089974761009216,
    0.4435872435569763,
    0.35413438081741333,
    0.27270832657814026,
    0.49999144673347473,
    0.4807675778865814,
    0.19420170783996582,
    0.003459466388449073,
    0.3324054479598999,
    0.46296313405036926,
    0.03048132173717022,
    0.06079641357064247,
    0.43635329604148865,
    0.12269064784049988,
    0.15500585734844208,
    0.28093892335891724,
    0.11048688739538193,
    0.32813331484794617,
    0.10920225083827972,
    0.16995815932750702,
    0.19218410551548004,
    0.7038909196853638,
    0.7077463269233704,
    0.11733895540237427,
    0.0004073130548931658,
    0.24538101255893707,
    0.03631596639752388,
    0.05659054219722748,
    0.00032780703622847795,
    0.10915828496217728,
    0.14972054958343506,
    1.0,
    1.0,
    0.0007211169577203691,
    0.0006189075065776706,
    0.2796706557273865,
    0.1623014509677887,
    0.03372713550925255,
    0.0006963882478885353,
    0.2890709638595581,
    0.49418672919273376,
    0.0020419969223439693,
    3.0642566680908203,
    0.25183019042015076,
    0.46766260266304016,
    0.019275125116109848,
    0.47160178422927856,
    0.0002620198065415025,
    3.6872663497924805,
    0.6286411285400391,
    0.03765750303864479,
    0.11718036979436874,
    0.3007810413837433,
    0.3045373857021332,
    0.37114235758781433,
    0.7169228196144104,
    0.015872150659561157,
    0.12303729355335236
  ],
  "feature_names": [
    "ptb_dist_pct",
    "rsi_norm",
    "rsi_slope",
    "macd_hist",
    "macd_line",
    "vwap_dist",
    "vwap_slope",
    "ha_signed_consec",
    "delta_1m_pct",
    "delta_3m_pct",
    "vol_ratio_norm",
    "minutes_left_norm",
    "rule_prob_up",
    "rule_confidence",
    "vwap_cross_count_norm",
    "best_edge",
    "regime_trending",
    "regime_confidence",
    "regime_mean_reverting",
    "regime_moderate",
    "session_asia",
    "session_europe",
    "session_us",
    "session_overlap",
    "session_offhours",
    "ha_is_green",
    "multi_tf_agreement",
    "failed_vwap_reclaim",
    "bb_width",
    "bb_percent_b",
    "bb_squeeze",
    "atr_pct_norm",
    "atr_ratio_norm",
    "atr_expanding",
    "vol_delta_buy_ratio",
    "vol_delta_accel",
    "ema_dist_norm",
    "ema_cross_signal",
    "stoch_k_norm",
    "stoch_kd_norm",
    "volume_acceleration",
    "bb_squeeze_intensity",
    "hour_sin",
    "hour_cos",
    "market_yes_price",
    "market_price_momentum",
    "orderbook_imbalance",
    "spread_pct",
    "crowd_model_divergence",
    "momentum_5candle_slope",
    "volatility_change_ratio",
    "price_consistency",
    "funding_rate_norm",
    "funding_rate_change",
    "delta_1m_capped",
    "momentum_accel",
    "rsi_x_trending",
    "rsi_x_regime_conf",
    "rsi_x_mean_rev",
    "delta1m_x_multitf",
    "bb_pctb_x_squeeze",
    "vol_buy_x_delta",
    "vwap_trend_strength",
    "rsi_divergence",
    "combined_oscillator",
    "ha_delta_agree",
    "delta_1m_atr_adj",
    "price_position_score",
    "vol_weighted_momentum",
    "macd_x_rsi_slope",
    "trend_alignment_score",
    "oscillator_extreme",
    "vol_momentum_confirm",
    "squeeze_breakout_potential",
    "multi_indicator_agree",
    "stoch_rsi_extreme",
    "crowd_agree_momentum",
    "divergence_x_confidence",
    "imbalance_x_vol_delta"
  ],
  "num_features": 79,
  "original_features": 54,
  "platt_a": 4.900626061167773,
  "platt_b": -2.4518437766086416,
  "pruned_features": [
    "ptb_dist_pct",
    "rsi_slope",
    "macd_hist",
    "macd_line",
    "ha_signed_consec",
    "delta_3m_pct",
    "vol_ratio_norm",
    "minutes_left_norm",
    "rule_confidence",
    "vwap_cross_count_norm",
    "regime_trending",
    "regime_mean_reverting",
    "session_asia",
    "session_europe",
    "session_us",
    "session_overlap",
    "ha_is_green",
    "failed_vwap_reclaim",
    "bb_width",
    "bb_squeeze",
    "atr_pct_norm",
    "atr_ratio_norm",
    "vol_delta_accel",
    "ema_dist_norm",
    "ema_cross_signal",
    "stoch_k_norm",
    "stoch_kd_norm",
    "volume_acceleration",
    "bb_squeeze_intensity",
    "hour_sin",
    "hour_cos",
    "crowd_model_divergence",
    "volatility_change_ratio",
    "price_consistency",
    "funding_rate_norm",
    "funding_rate_change",
    "momentum_accel",
    "rsi_x_mean_rev",
    "bb_pctb_x_squeeze",
    "vwap_trend_strength",
    "rsi_divergence",
    "combined_oscillator",
    "ha_delta_agree",
    "macd_x_rsi_slope",
    "oscillator_extreme",
    "squeeze_breakout_potential",
    "stoch_rsi_extreme",
    "divergence_x_confidence"
  ],
  "engineered_feature_specs": {
    "delta_1m_capped": {
      "type": "clip",
      "source": "delta_1m_pct",
      "clip_std": 3
    },
    "momentum_accel": {
      "type": "formula",
      "formula": "delta_1m - delta_3m/3"
    },
    "rsi_x_trending": {
      "type": "multiply",
      "a": "rsi_norm",
      "b": "regime_trending"
    },
    "rsi_x_regime_conf": {
      "type": "multiply",
      "a": "rsi_norm",
      "b": "regime_confidence"
    },
    "rsi_x_mean_rev": {
      "type": "multiply",
      "a": "rsi_norm",
      "b": "regime_mean_reverting"
    },
    "delta1m_x_multitf": {
      "type": "multiply",
      "a": "delta_1m_pct",
      "b": "multi_tf_agreement"
    },
    "bb_pctb_x_squeeze": {
      "type": "multiply",
      "a": "bb_percent_b",
      "b": "bb_squeeze"
    },
    "vol_buy_x_delta": {
      "type": "formula",