{
  "version": 3,
  "means": [
    -2.42420155700529e-05,
    0.4998188614845276,
    -0.007305729668587446,
    -0.0048673381097614765,
    -0.5976239442825317,
    7.207461294456152e-06,
    -0.1314672827720642,
    -0.0009306938736699522,
    -2.7712226255971473e-06,
    -3.6052663290320197e-06,
    0.20326825976371765,
    0.533110499382019,
    0.5005412101745605,
    0.18570607900619507,
    0.1472519040107727,
    0.027855880558490753,
    0.2805446982383728,
    0.6149705052375793,
    0.1613500714302063,
    0.5581052303314209,
    0.332441508769989,
    0.2073814868927002,
    0.25132057070732117,
    0.12560883164405823,
    0.0832475796341896,
    0.50092613697052,
    0.6101735830307007,
    0.03563833609223366,
    0.003431639401242137,
    0.49963483214378357,
    0.3189956843852997,
    0.031166069209575653,
    0.33228108286857605,
    0.2664128541946411,
    0.48537829518318176,
    0.4999372065067291,
    0.4986530542373657,
    0.49943405389785767,
    0.4998260736465454,
    0.5000264048576355,
    0.33728930354118347,
    0.16780716180801392,
    -0.0026640265714377165,
    9.46863365243189e-05,
    0.4992453157901764,
    -0.0002559889398980886,
    -0.02516276389360428,
    0.03418239951133728,
    0.08836469054222107,
    -1.988219992199447e-06,
    0.2846354842185974,
    0.5296372175216675,
    0.0,
    0.0,
    -2.911163619501167e-06,
    -1.569450546412554e-06,
    0.1391296237707138,
    0.3066193163394928,
    0.08045324683189392,
    -4.339745373727055e-06,
    0.16124992072582245,
    0.014503581449389458,
    0.0015379405813291669,
    -1.999289870262146,
    0.49976202845573425,
    0.6275296807289124,
    -3.810597991105169e-05,
    0.0051263486966490746,
    -1.402228235747316e-06,
    0.020001862198114395,
    -0.004047472029924393,
    0.014926690608263016,
    0.0023078748490661383,
    0.17194105684757233,
    0.6037300229072571,
    0.3013060688972473,
    0.5356040596961975,
    0.017362277954816818,
    0.02082989178597927
  ],
  "stds": [
    0.002368340967223048,
    0.15787941217422485,
    3.7326321601867676,
    13.684609413146973,
    46.38432693481445,
    0.002361970255151391,
    5.899241924285889,
    0.3568444550037384,
    0.0006245075492188334,
    0.0011045386781916022,
    0.10601907968521118,
    0.27206259965896606,
    0.10692975670099258,
    0.10606890916824341,
    0.1780821830034256,
    0.01591036282479763,
    0.44920673966407776,
    0.15662628412246704,
    0.36789044737815857,
    0.49664729833602905,
    0.4710732400417328,
    0.40540531277656555,
    0.43375658988952637,
    0.33143651485443115,
    0.27627530694007874,
    0.4999981224536896,
    0.48762622475624084,
    0.18540696799755096,
    0.002884206362068653,
    0.331704318523407,
    0.46607622504234314,
    0.024317199364304543,
    0.06882204115390778,
    0.44204679131507874,
    0.13472458720207214,
    0.1681562215089798,
    0.256235271692276,
    0.10921265929937363,
    0.3260541558265686,
    0.11303520947694778,
    0.1698927879333496,
    0.19757764041423798,
    0.7075052857398987,
    0.7067055702209473,
    0.13068313896656036,
    0.021072935312986374,
    0.3017464578151703,
    0.029367933049798012,
    0.07547344267368317,
    0.0002751850406639278,
    0.11541933566331863,
    0.14466017484664917,
    1.0,
    1.0,
    0.0005968492478132248,
    0.0005151669029146433,
    0.2462031990289688,
    0.13210339844226837,
    0.19196303188800812,
    0.000556120416149497,
    0.2946145236492157,
    0.49415087699890137,
    0.0017926894361153245,
    3.1496615409851074,
    0.25038081407546997,
    0.48340490460395813,
    0.017803076654672623,
    0.4715142846107483,
    0.00019987252017017454,
    3.7325656414031982,
    0.42593422532081604,
    0.03897793963551521,
    0.11302513629198074,
    0.30347830057144165,
    0.3491293489933014,
    0.3727496266365051,
    0.7814685702323914,
    0.018974637612700462,
    0.1511559635400772
  ],
  "feature_names": [
    "ptb_dist_pct",
    "rsi_norm",
    "rsi_slope",
    "macd_hist",
    "macd_line",
    "vwap_dist",
    "vwap_slope",
    "ha_signed_consec",
    "delta_1m_pct",
    "delta_3m_pct",
    "vol_ratio_norm",
    "minutes_left_norm",
    "rule_prob_up",
    "rule_confidence",
    "vwap_cross_count_norm",
    "best_edge",
    "regime_trending",
    "regime_confidence",
    "regime_mean_reverting",
    "regime_moderate",
    "session_asia",
    "session_europe",
    "session_us",
    "session_overlap",
    "session_offhours",
    "ha_is_green",
    "multi_tf_agreement",
    "failed_vwap_reclaim",
    "bb_width",
    "bb_percent_b",
    "bb_squeeze",
    "atr_pct_norm",
    "atr_ratio_norm",
    "atr_expanding",
    "vol_delta_buy_ratio",
    "vol_delta_accel",
    "ema_dist_norm",
    "ema_cross_signal",
    "stoch_k_norm",
    "stoch_kd_norm",
    "volume_acceleration",
    "bb_squeeze_intensity",
    "hour_sin",
    "hour_cos",
    "market_yes_price",
    "market_price_momentum",
    "orderbook_imbalance",
    "spread_pct",
    "crowd_model_divergence",
    "momentum_5candle_slope",
    "volatility_change_ratio",
    "price_consistency",
    "funding_rate_norm",
    "funding_rate_change",
    "delta_1m_capped",
    "momentum_accel",
    "rsi_x_trending",
    "rsi_x_regime_conf",
    "rsi_x_mean_rev",
    "delta1m_x_multitf",
    "bb_pctb_x_squeeze",
    "vol_buy_x_delta",
    "vwap_trend_strength",
    "rsi_divergence",
    "combined_oscillator",
    "ha_delta_agree",
    "delta_1m_atr_adj",
    "price_position_score",
    "vol_weighted_momentum",
    "macd_x_rsi_slope",
    "trend_alignment_score",
    "oscillator_extreme",
    "vol_momentum_confirm",
    "squeeze_breakout_potential",
    "multi_indicator_agree",
    "stoch_rsi_extreme",
    "crowd_agree_momentum",
    "divergence_x_confidence",
    "imbalance_x_vol_delta"
  ],
  "num_features": 79,
  "original_features": 54,
  "platt_a": 1.1123561222534877,
  "platt_b": -0.017824559609515435,
  "platt_on_logits": true,
  "pruned_features": [
    "regime_trending",
    "funding_rate_norm",
    "funding_rate_change"
  ],
  "engineered_feature_specs": {
    "delta_1m_capped": {
      "type": "clip",
      "source": "delta_1m_pct",
      "clip_std": 3
    },
    "momentum_accel": {
      "type": "formula",
      "formula": "delta_1m - delta_3m/3"
    },
    "rsi_x_trending": {
      "type": "multiply",
      "a": "rsi_norm",
      "b": "regime_trending"
    },
    "rsi_x_regime_conf": {
      "type": "multiply",
      "a": "rsi_norm",
      "b": "regime_confidence"
    },
    "rsi_x_mean_rev": {
      "type": "multiply",
      "a": "rsi_norm",
      "b": "regime_mean_reverting"
    },
    "delta1m_x_multitf": {
      "type": "multiply",
      "a": "delta_1m_pct",
      "b": "multi_tf_agreement"
    },
    "bb_pctb_x_squeeze": {
      "type": "multiply",
      "a": "bb_percent_b",
      "b": "bb_squeeze"
    },
    "vol_buy_x_delta": {
      "type": "formula",
      "formula": "vol_delta_buy_ratio * sign(delta_1m_pct)"
    },
    "vwap_trend_strength": {
      "type": "formula",
      "formula": "vwap_dist * sign(vwap_slope)"
    },
    "rsi_divergence": {
      "type": "formula",
      "formula": "sign(delta_3m_pct) * (-rsi_slope)"
    },
    "combined_oscillator": {
      "type": "formula",
      "formula": "(rsi_norm + stoch_k_norm + bb_percent_b) / 3"
    },
    "ha_delta_agree": {
      "type": "formula",
      "formula": "sign(ha_signed_consec) == sign(delta_1m_pct) ? 1 : 0"
    },
    "delta_1m_atr_adj": {
      "type": "formula",
      "formula": "delta_1m_pct / max(atr_pct_norm, 0.01)"
    },
    "price_position_score": {
      "type": "formula",
      "formula": "sign(vwap_dist)*0.4 + (bb_percent_b-0.5)*0.3 + (ema_cross_signal-0.5)*0.3"
    },
    "vol_weighted_momentum": {
      "type": "multiply",
      "a": "delta_1m_pct",
      "b": "vol_ratio_norm"
    },
    "macd_x_rsi_slope": {
      "type": "formula",
      "formula": "sign(macd_line) * rsi_slope"
    },