{
  "version": 3,
  "means": [
    -2.6237992642563768e-05,
    0.49933308362960815,
    -0.009397221729159355,
    -0.020694632083177567,
    -0.5773088932037354,
    1.6215015421039425e-05,
    -0.14137233793735504,
    -0.0011428764555603266,
    -4.321334927226417e-06,
    -1.0859757821890526e-05,
    0.20333744585514069,
    0.466689795255661,
    0.5004889965057373,
    0.18602575361728668,
    0.14862647652626038,
    0.0279037244617939,
    0.30751559138298035,
    0.6242485046386719,
    0.15394636988639832,
    0.5385380387306213,
    0.3342933654785156,
    0.20753617584705353,
    0.24957141280174255,
    0.12531715631484985,
    0.08328190445899963,
    0.4997600018978119,
    0.6074538826942444,
    0.03301789611577988,
    0.0038689884822815657,
    0.49933770298957825,
    0.3270931839942932,
    0.03629235550761223,
    0.334398478269577,
    0.27487486600875854,
    0.4862891137599945,
    0.49990397691726685,
    0.499050110578537,
    0.5002056956291199,
    0.5006720423698425,
    0.5000231266021729,
    0.3373265862464905,
    0.17046205699443817,
    0.0005374511820264161,
    0.0006180520867928863,
    0.4989212453365326,
    -5.008195512345992e-05,
    -0.02033720724284649,
    0.02897035889327526,
    0.10668732970952988,
    -2.298289700775058e-06,
    0.2846048176288605,
    0.5331291556358337,
    0.0,
    0.0,
    -4.959576472174376e-06,
    -7.014502330093819e-07,
    0.15254439413547516,
    0.3109656572341919,
    0.0768376812338829,
    -6.536831278936006e-06,
    0.1663738638162613,
    0.015240737237036228,
    0.0017167007317766547,
    -1.9075325727462769,
    0.49978289008140564,
    0.6293286681175232,
    -9.749287710292265e-05,
    0.007488518487662077,
    -1.9607418835221324e-06,
    0.026224924251437187,
    -0.0002742919896263629,
    0.014443307183682919,
    0.0025013317354023457,
    0.1776094287633896,
    0.6010866165161133,
    0.30354204773902893,
    0.4249468445777893,
    0.020480787381529808,
    0.022640008479356766
  ],
  "stds": [
    0.00278170476667583,
    0.15662164986133575,
    3.645390033721924,
    13.411999702453613,
    45.243980407714844,
    0.002745490986853838,
    6.0366926193237305,
    0.3517810106277466,
    0.0007279146229848266,
    0.00127153261564672,
    0.10720447450876236,
    0.27218738198280334,
    0.10717418044805527,
    0.10649467259645462,
    0.17988687753677368,
    0.015974190086126328,
    0.46146756410598755,
    0.1612357795238495,
    0.36088335514068604,
    0.4984937012195587,
    0.4717852473258972,
    0.4054839313030243,
    0.43279141187667847,
    0.33105751872062683,
    0.27631548047065735,
    0.5000017881393433,
    0.4883731007575989,
    0.17869842052459717,
    0.0035683137830346823,
    0.33145204186439514,
    0.46910354495048523,
    0.031250592321157455,
    0.06875088810920715,
    0.44646695256233215,
    0.13557393848896027,
    0.16747424006462097,
    0.2671447992324829,
    0.11247946321964264,
    0.32697364687919617,
    0.1103837639093399,
    0.1715754121541977,
    0.19817334413528442,
    0.7073510885238647,
    0.7068541646003723,
    0.16069714725017548,
    0.0322943776845932,
    0.35386601090431213,
    0.029148729518055916,
    0.09531967341899872,
    0.0003246486885473132,
    0.11622772365808487,
    0.14281406998634338,
    1.0,
    1.0,
    0.0006589701515622437,
    0.0006035465630702674,
    0.2526952624320984,
    0.13440106809139252,
    0.18822050094604492,
    0.0006478916620835662,
    0.29742446541786194,
    0.4947454333305359,
    0.00214264914393425,
    3.1036856174468994,
    0.2506169080734253,
    0.4829280376434326,
    0.017154311761260033,
    0.47071900963783264,
    0.00022797832207288593,
    3.6453001499176025,
    0.44532346725463867,
    0.03854314237833023,
    0.11341720819473267,
    0.30761390924453735,
    0.3575703203678131,
    0.3732646405696869,
    0.7967029213905334,
    0.023000318557024002,
    0.17767056822776794
  ],
  "feature_names": [
    "ptb_dist_pct",
    "rsi_norm",
    "rsi_slope",
    "macd_hist",
    "macd_line",
    "vwap_dist",
    "vwap_slope",
    "ha_signed_consec",
    "delta_1m_pct",
    "delta_3m_pct",
    "vol_ratio_norm",
    "minutes_left_norm",
    "rule_prob_up",
    "rule_confidence",
    "vwap_cross_count_norm",
    "best_edge",
    "regime_trending",
    "regime_confidence",
    "regime_mean_reverting",
    "regime_moderate",
    "session_asia",
    "session_europe",
    "session_us",
    "session_overlap",
    "session_offhours",
    "ha_is_green",
    "multi_tf_agreement",
    "failed_vwap_reclaim",
    "bb_width",
    "bb_percent_b",
    "bb_squeeze",
    "atr_pct_norm",
    "atr_ratio_norm",
    "atr_expanding",
    "vol_delta_buy_ratio",
    "vol_delta_accel",
    "ema_dist_norm",
    "ema_cross_signal",
    "stoch_k_norm",
    "stoch_kd_norm",
    "volume_acceleration",
    "bb_squeeze_intensity",
    "hour_sin",
    "hour_cos",
    "market_yes_price",
    "market_price_momentum",
    "orderbook_imbalance",
    "spread_pct",
    "crowd_model_divergence",
    "momentum_5candle_slope",
    "volatility_change_ratio",
    "price_consistency",
    "funding_rate_norm",
    "funding_rate_change",
    "delta_1m_capped",
    "momentum_accel",
    "rsi_x_trending",
    "rsi_x_regime_conf",
    "rsi_x_mean_rev",
    "delta1m_x_multitf",
    "bb_pctb_x_squeeze",
    "vol_buy_x_delta",
    "vwap_trend_strength",
    "rsi_divergence",
    "combined_oscillator",
    "ha_delta_agree",
    "delta_1m_atr_adj",
    "price_position_score",
    "vol_weighted_momentum",
    "macd_x_rsi_slope",
    "trend_alignment_score",
    "oscillator_extreme",
    "vol_momentum_confirm",
    "squeeze_breakout_potential",
    "multi_indicator_agree",
    "stoch_rsi_extreme",
    "crowd_agree_momentum",
    "divergence_x_confidence",
    "imbalance_x_vol_delta"
  ],
  "num_features": 79,
  "original_features": 54,
  "platt_a": 0.9972598080063549,
  "platt_b": 0.001803373942736516,
  "platt_on_logits": true,
  "pruned_features": [
    "rsi_slope",
    "vol_ratio_norm",
    "rule_confidence",
    "vwap_cross_count_norm",
    "regime_trending",
    "regime_moderate",
    "session_europe",
    "ha_is_green",
    "failed_vwap_reclaim",
    "bb_squeeze",
    "atr_ratio_norm",
    "atr_expanding",
    "ema_cross_signal",
    "price_consistency",
    "funding_rate_norm",
    "funding_rate_change",
    "rsi_x_mean_rev",
    "ha_delta_agree"
  ],
  "engineered_feature_specs": {
    "delta_1m_capped": {
      "type": "clip",
      "source": "delta_1m_pct",
      "clip_std": 3
    },
    "momentum_accel": {
      "type": "formula",
      "formula": "delta_1m - delta_3m/3"
    },
    "rsi_x_trending": {
      "type": "multiply",
      "a": "rsi_norm",
      "b": "regime_trending"
    },
    "rsi_x_regime_conf": {
      "type": "multiply",
      "a": "rsi_norm",
      "b": "regime_confidence"
    },
    "rsi_x_mean_rev": {
      "type": "multiply",
      "a": "rsi_norm",
      "b": "regime_mean_reverting"
    },
    "delta1m_x_multitf": {
      "type": "multiply",
      "a": "delta_1m_pct",
      "b": "multi_tf_agreement"
    },
    "bb_pctb_x_squeeze": {
      "type": "multiply",
      "a": "bb_percent_b",
      "b": "bb_squeeze"
    },
    "vol_buy_x_delta": {
      "type": "formula",
      "formula": "vol_delta_buy_ratio * sign(delta_1m_pct)"
    },
    "vwap_trend_strength": {
      "type": "formula",
      "formula": "vwap_dist * sign(vwap_slope)"
    },
    "rsi_divergence": {
      "type": "formula",
      "formula": "sign(delta_3m_pct) * (-rsi_slope)"
    },
    "combined_oscillator": {
      "type": "formula",
      "formula": "(rsi_norm + stoch_k_norm + bb_percent_b) / 3"
    },
    "ha_delta_agree": {
      "type": "formula",
      "formula": "sign(ha_signed_consec) == sign(delta_1m_pct) ? 1 : 0"
    },
    "delta_1m_atr_adj": {
      "type": "formula",
      "formula": "delta_1m_pct / max(atr_pct_norm, 0.01)"
    },
    "price_position_score": {
      "type": "formula",