{
  "version": 3,
  "means": [
    -4.238391557009891e-05,
    0.4987185001373291,
    -0.0042525408789515495,
    -0.011011277325451374,
    -0.932642936706543,
    -7.147930773498956e-06,
    -0.18837043642997742,
    -0.0032576450612396,
    -1.03632219179417e-05,
    -8.559501111449208e-06,
    0.20447668433189392,
    0.5834282040596008,
    0.4992212951183319,
    0.18843629956245422,
    0.14600864052772522,
    0.02826552838087082,
    0.2923835515975952,
    0.6184598803520203,
    0.15578046441078186,
    0.5518360137939453,
    0.33159464597702026,
    0.20394445955753326,
    0.2525496184825897,
    0.12954457104206085,
    0.08236668258905411,
    0.49671727418899536,
    0.6261580586433411,
    0.037654079496860504,
    0.0035931726451963186,
    0.49641457200050354,
    0.32020241022109985,
    0.03280710056424141,
    0.3325357735157013,
    0.26516154408454895,
    0.48309049010276794,
    0.5000591278076172,
    0.49666982889175415,
    0.499753475189209,
    0.49887585639953613,
    0.5003167986869812,
    0.33919793367385864,
    0.1683678776025772,
    -0.00876323226839304,
    -0.0007781282183714211,
    0.49751022458076477,
    -0.0002418198564555496,
    -0.03404485434293747,
    0.03357551246881485,
    0.08514011651277542,
    -3.4134977795474697e-06,
    0.2839682698249817,
    0.53363436460495,
    0.0,
    0.0,
    -9.619598131394014e-06,
    -7.510038358304882e-06,
    0.1452036201953888,
    0.3080548048019409,
    0.0777752473950386,
    -8.008611075638328e-06,
    0.1592685431241989,
    0.010929474607110023,
    0.001607527956366539,
    -2.224592447280884,
    0.49800440669059753,
    0.647463321685791,
    -0.00017685674538370222,
    0.000645882566459477,
    -3.668080125862616e-06,
    -0.0010057230247184634,
    -0.00477488012984395,
    0.015419560484588146,
    0.0016847463557496667,
    0.1727573424577713,
    0.6179328560829163,
    0.2983494699001312,
    0.566082775592804,
    0.017140226438641548,
    0.018230430781841278
  ],
  "stds": [
    0.002615423407405615,
    0.15958857536315918,
    3.865433692932129,
    14.8700590133667,
    51.238670349121094,
    0.002569368341937661,
    6.868278503417969,
    0.3563042879104614,
    0.0007058787159621716,
    0.0011620259610936046,
    0.10672614723443985,
    0.27408671379089355,
    0.10822396725416183,
    0.10650759935379028,
    0.17744700610637665,
    0.01597611792385578,
    0.45479997992515564,
    0.15856604278087616,
    0.362654447555542,
    0.49732765555381775,
    0.47075197100639343,
    0.40288659930229187,
    0.43450480699539185,
    0.33582258224487305,
    0.27497273683547974,
    0.499980628490448,
    0.48375797271728516,
    0.1903715878725052,
    0.0034065935760736465,
    0.3348570764064789,
    0.46652719378471375,
    0.03035036288201809,
    0.06829533725976944,
    0.44143375754356384,
    0.13309067487716675,
    0.1664179563522339,
    0.26037344336509705,
    0.11313679069280624,
    0.3256070911884308,
    0.11074496060609818,
    0.17055286467075348,
    0.1975627839565277,
    0.7079394459724426,
    0.7062180042266846,
    0.12432646751403809,
    0.02010232023894787,
    0.3005073070526123,
    0.03095840848982334,
    0.07074844092130661,
    0.0003015107358805835,
    0.11452342569828033,
    0.14606229960918427,
    1.0,
    1.0,
    0.0006484329351224005,
    0.0005756121245212853,
    0.25000983476638794,
    0.13528801500797272,
    0.1894061267375946,
    0.0006314736092463136,
    0.2925567030906677,
    0.4920649826526642,
    0.002004395704716444,
    3.158102035522461,
    0.2519114017486572,
    0.4778425097465515,
    0.018537966534495354,
    0.4725094437599182,
    0.00024044138262979686,
    3.8654298782348633,
    0.4397037923336029,
    0.03954827040433884,
    0.11358853429555893,
    0.3036825954914093,
    0.33099693059921265,
    0.36987510323524475,
    0.7932400703430176,
    0.018235353752970695,
    0.14979533851146698
  ],
  "feature_names": [
    "ptb_dist_pct",
    "rsi_norm",
    "rsi_slope",
    "macd_hist",
    "macd_line",
    "vwap_dist",
    "vwap_slope",
    "ha_signed_consec",
    "delta_1m_pct",
    "delta_3m_pct",
    "vol_ratio_norm",
    "minutes_left_norm",
    "rule_prob_up",
    "rule_confidence",
    "vwap_cross_count_norm",
    "best_edge",
    "regime_trending",
    "regime_confidence",
    "regime_mean_reverting",
    "regime_moderate",
    "session_asia",
    "session_europe",
    "session_us",
    "session_overlap",
    "session_offhours",
    "ha_is_green",
    "multi_tf_agreement",
    "failed_vwap_reclaim",
    "bb_width",
    "bb_percent_b",
    "bb_squeeze",
    "atr_pct_norm",
    "atr_ratio_norm",
    "atr_expanding",
    "vol_delta_buy_ratio",
    "vol_delta_accel",
    "ema_dist_norm",
    "ema_cross_signal",
    "stoch_k_norm",
    "stoch_kd_norm",
    "volume_acceleration",
    "bb_squeeze_intensity",
    "hour_sin",
    "hour_cos",
    "market_yes_price",
    "market_price_momentum",
    "orderbook_imbalance",
    "spread_pct",
    "crowd_model_divergence",
    "momentum_5candle_slope",
    "volatility_change_ratio",
    "price_consistency",
    "funding_rate_norm",
    "funding_rate_change",
    "delta_1m_capped",
    "momentum_accel",
    "rsi_x_trending",
    "rsi_x_regime_conf",
    "rsi_x_mean_rev",
    "delta1m_x_multitf",
    "bb_pctb_x_squeeze",
    "vol_buy_x_delta",
    "vwap_trend_strength",
    "rsi_divergence",
    "combined_oscillator",
    "ha_delta_agree",
    "delta_1m_atr_adj",
    "price_position_score",
    "vol_weighted_momentum",
    "macd_x_rsi_slope",
    "trend_alignment_score",
    "oscillator_extreme",
    "vol_momentum_confirm",
    "squeeze_breakout_potential",
    "multi_indicator_agree",
    "stoch_rsi_extreme",
    "crowd_agree_momentum",
    "divergence_x_confidence",
    "imbalance_x_vol_delta"
  ],
  "num_features": 79,
  "original_features": 54,
  "platt_a": 1.3003325775598285,
  "platt_b": -0.01291129377149908,
  "platt_on_logits": true,
  "pruned_features": [
    "funding_rate_norm",
    "funding_rate_change"
  ],
  "engineered_feature_specs": {
    "delta_1m_capped": {
      "type": "clip",
      "source": "delta_1m_pct",
      "clip_std": 3
    },
    "momentum_accel": {
      "type": "formula",
      "formula": "delta_1m - delta_3m/3"
    },
    "rsi_x_trending": {
      "type": "multiply",
      "a": "rsi_norm",
      "b": "regime_trending"
    },
    "rsi_x_regime_conf": {
      "type": "multiply",
      "a": "rsi_norm",
      "b": "regime_confidence"
    },
    "rsi_x_mean_rev": {
      "type": "multiply",
      "a": "rsi_norm",
      "b": "regime_mean_reverting"
    },
    "delta1m_x_multitf": {
      "type": "multiply",
      "a": "delta_1m_pct",
      "b": "multi_tf_agreement"
    },
    "bb_pctb_x_squeeze": {
      "type": "multiply",
      "a": "bb_percent_b",
      "b": "bb_squeeze"
    },
    "vol_buy_x_delta": {
      "type": "formula",
      "formula": "vol_delta_buy_ratio * sign(delta_1m_pct)"
    },
    "vwap_trend_strength": {
      "type": "formula",
      "formula": "vwap_dist * sign(vwap_slope)"
    },
    "rsi_divergence": {
      "type": "formula",
      "formula": "sign(delta_3m_pct) * (-rsi_slope)"
    },
    "combined_oscillator": {
      "type": "formula",
      "formula": "(rsi_norm + stoch_k_norm + bb_percent_b) / 3"
    },
    "ha_delta_agree": {
      "type": "formula",
      "formula": "sign(ha_signed_consec) == sign(delta_1m_pct) ? 1 : 0"
    },
    "delta_1m_atr_adj": {
      "type": "formula",
      "formula": "delta_1m_pct / max(atr_pct_norm, 0.01)"
    },
    "price_position_score": {
      "type": "formula",
      "formula": "sign(vwap_dist)*0.4 + (bb_percent_b-0.5)*0.3 + (ema_cross_signal-0.5)*0.3"
    },
    "vol_weighted_momentum": {
      "type": "multiply",
      "a": "delta_1m_pct",
      "b": "vol_ratio_norm"
    },
    "macd_x_rsi_slope": {
      "type": "formula",
      "formula": "sign(macd_line) * rsi_slope"
    },
    "trend_alignment_score": {
      "type": "formula",