{
  "version": 2,
  "means": [
    -3.8308203897940984e-07,
    0.5000160336494446,
    -0.02097480557858944,
    -0.017304200679063797,
    -0.08314326405525208,
    3.253495742683299e-05,
    -0.05245450884103775,
    -0.0003396440006326884,
    -4.807519871974364e-06,
    -4.622972937795566e-06,
    0.20309898257255554,
    0.500669538974762,
    0.4997754991054535,
    0.10509628802537918,
    0.0,
    0.015764420852065086,
    0.14190217852592468,
    0.0,
    0.17056702077388763,
    0.6875308156013489,
    0.33322882652282715,
    0.20826801657676697,
    0.25016796588897705,
    0.12496080994606018,
    0.08337438851594925,
    0.49624893069267273,
    0.6358556747436523,
    0.03618936613202095,
    0.0032782931812107563,
    0.4977564513683319,
    0.313510537147522,
    0.028968239203095436,
    0.33242952823638916,
    0.2623281180858612,
    0.47864049673080444,
    0.49998992681503296,
    0.5004866123199463,
    0.4994569420814514,
    0.4985506236553192,
    0.4994969964027405,
    0.5,
    0.5,
    -0.00020000933727715164,
    0.0002351028670091182,
    0.5000743269920349,
    -5.7795790780801326e-05,
    -0.04259275645017624,
    0.036091964691877365,
    0.05893881991505623,
    -4.662179435399594e-06,
    -3.266573457949562e-06,
    0.07021597027778625,
    0.0,
    0.08521515130996704,
    -3.4058023175020935e-06,
    0.15599048137664795,
    0.012327675707638264,
    0.0014876005006954074,
    -2.2807211875915527,
    0.4987764060497284,
    0.649908185005188,
    -0.00017205302719958127,
    0.0029534767381846905,
    -1.0431509736008593e-06,
    0.024282511323690414,
    -3.359161564731039e-05,
    0.0164934154599905,
    0.002320188097655773,
    0.169516921043396,
    0.6219769716262817,
    0.30764180421829224,
    0.013190307654440403,
    0.00643133046105504,
    0.01631106436252594
  ],
  "stds": [
    0.002311114687472582,
    0.1632901281118393,
    3.8793957233428955,
    13.946305274963379,
    47.287593841552734,
    0.0022937720641493797,
    6.0967488288879395,
    0.3630818724632263,
    0.0006312240147963166,
    0.00106076430529356,
    0.1012464314699173,
    0.26777341961860657,
    0.05268922075629234,
    0.007712886203080416,
    1.0,
    0.0011569330235943198,
    0.3489651381969452,
    1.0,
    0.3762388825416565,
    0.46350041031837463,
    0.47148752212524414,
    0.40594932436943054,
    0.4330684244632721,
    0.33067765831947327,
    0.2763194739818573,
    0.499972403049469,
    0.48129162192344666,
    0.1867040991783142,
    0.0029222131706774235,
    0.3352240025997162,
    0.46396389603614807,
    0.02614324539899826,
    0.06605250388383865,
    0.4396807849407196,
    0.13543719053268433,
    0.16856424510478973,
    0.24890495836734772,
    0.11194591969251633,
    0.3284457325935364,
    0.11188220232725143,
    1.0,
    1.0,
    0.7070875763893127,
    0.7071188688278198,
    0.1032128781080246,
    0.00997187476605177,
    0.2755034565925598,
    0.03496774658560753,
    0.05577043071389198,
    0.0005878296215087175,
    0.0005080244154669344,
    0.1882152557373047,
    1.0,
    0.19632963836193085,
    0.0005652045947499573,
    0.2906663417816162,
    0.48882022500038147,
    0.0017463034018874168,
    3.1360740661621094,
    0.25487780570983887,
    0.4772219657897949,
    0.01873806118965149,
    0.47248581051826477,
    0.00020946159202139825,
    3.879366397857666,
    0.3055340051651001,
    0.04107967019081116,
    0.11234545707702637,
    0.30261632800102234,
    0.3318307399749756,
    0.3749793469905853,
    0.9825148582458496,
    0.00709863007068634,
    0.1368134319782257
  ],
  "feature_names": [
    "ptb_dist_pct",
    "rsi_norm",
    "rsi_slope",
    "macd_hist",
    "macd_line",
    "vwap_dist",
    "vwap_slope",
    "ha_signed_consec",
    "delta_1m_pct",
    "delta_3m_pct",
    "vol_ratio_norm",
    "minutes_left_norm",
    "rule_prob_up",
    "rule_confidence",
    "vwap_cross_count_norm",
    "best_edge",
    "regime_trending",
    "regime_choppy",
    "regime_mean_reverting",
    "regime_moderate",
    "session_asia",
    "session_europe",
    "session_us",
    "session_overlap",
    "session_offhours",
    "ha_is_green",
    "multi_tf_agreement",
    "failed_vwap_reclaim",
    "bb_width",
    "bb_percent_b",
    "bb_squeeze",
    "atr_pct_norm",
    "atr_ratio_norm",
    "atr_expanding",
    "vol_delta_buy_ratio",
    "vol_delta_accel",
    "ema_dist_norm",
    "ema_cross_signal",
    "stoch_k_norm",
    "stoch_kd_norm",
    "funding_rate_norm",
    "funding_sentiment",
    "hour_sin",
    "hour_cos",
    "market_yes_price",
    "market_price_momentum",
    "orderbook_imbalance",
    "spread_pct",
    "crowd_model_divergence",
    "delta_1m_capped",
    "momentum_accel",
    "rsi_x_trending",
    "rsi_x_choppy",
    "rsi_x_mean_rev",
    "delta1m_x_multitf",
    "bb_pctb_x_squeeze",
    "vol_buy_x_delta",
    "vwap_trend_strength",
    "rsi_divergence",
    "combined_oscillator",
    "ha_delta_agree",
    "delta_1m_atr_adj",
    "price_position_score",
    "vol_weighted_momentum",
    "macd_x_rsi_slope",
    "trend_alignment_score",
    "oscillator_extreme",
    "vol_momentum_confirm",
    "squeeze_breakout_potential",
    "multi_indicator_agree",
    "stoch_rsi_extreme",
    "crowd_agree_momentum",
    "divergence_x_confidence",
    "imbalance_x_vol_delta"
  ],
  "num_features": 74,
  "original_features": 49,
  "platt_a": 4.598359041240358,
  "platt_b": -2.3092335361030543,
  "pruned_features": [
    "vwap_cross_count_norm",
    "regime_choppy",
    "regime_mean_reverting",
    "regime_moderate",
    "session_offhours",
    "failed_vwap_reclaim",
    "funding_rate_norm",
    "funding_sentiment",
    "rsi_x_choppy"
  ],
  "engineered_feature_specs": {
    "delta_1m_capped": {
      "type": "clip",
      "source": "delta_1m_pct",
      "clip_std": 3
    },
    "momentum_accel": {
      "type": "formula",
      "formula": "delta_1m - delta_3m/3"
    },
    "rsi_x_trending": {
      "type": "multiply",
      "a": "rsi_norm",
      "b": "regime_trending"
    },
    "rsi_x_choppy": {
      "type": "multiply",
      "a": "rsi_norm",
      "b": "regime_choppy"
    },
    "rsi_x_mean_rev": {
      "type": "multiply",
      "a": "rsi_norm",
      "b": "regime_mean_reverting"
    },
    "delta1m_x_multitf": {
      "type": "multiply",
      "a": "delta_1m_pct",
      "b": "multi_tf_agreement"
    },
    "bb_pctb_x_squeeze": {
      "type": "multiply",
      "a": "bb_percent_b",
      "b": "bb_squeeze"
    },
    "vol_buy_x_delta": {
      "type": "formula",
      "formula": "vol_delta_buy_ratio * sign(delta_1m_pct)"
    },
    "vwap_trend_strength": {
      "type": "formula",
      "formula": "vwap_dist * sign(vwap_slope)"
    },
    "rsi_divergence": {
      "type": "formula",
      "formula": "sign(delta_3m_pct) * (-rsi_slope)"
    },
    "combined_oscillator": {
      "type": "formula",
      "formula": "(rsi_norm + stoch_k_norm + bb_percent_b) / 3"
    },
    "ha_delta_agree": {
      "type": "formula",
      "formula": "sign(ha_signed_consec) == sign(delta_1m_pct) ? 1 : 0"
    },
    "delta_1m_atr_adj": {
      "type": "formula",
      "formula": "delta_1m_pct / max(atr_pct_norm, 0.01)"
    },
    "price_position_score": {
      "type": "formula",
      "formula": "sign(vwap_dist)*0.4 + (bb_percent_b-0.5)*0.3 + (ema_cross_signal-0.5)*0.3"
    },
    "vol_weighted_momentum": {
      "type": "multiply",
      "a": "delta_1m_pct",
      "b": "vol_ratio_norm"
    },
    "macd_x_rsi_slope": {
      "type": "formula",
      "formula": "sign(macd_line) * rsi_slope"
    },
    "trend_alignment_score": {
      "type": "formula",
      "formula": "regime_trending * multi_tf_agreement * sign(delta_1m_pct)"
    },
    "oscillator_extreme": {
      "type": "formula",
      "formula": "max(rsi_norm - 0.7, 0) + max(0.3 - rsi_norm, 0)"
    },
    "vol_momentum_confirm": {
      "type": "formula",
      "formula": "vol_delta_buy_ratio * sign(delta_1m_pct) * vol_ratio_norm"
    },