{
  "version": 2,
  "means": [
    -7.461354016413679e-06,
    0.5008231401443481,
    -0.006913645658642054,
    0.0196063369512558,
    -0.30035528540611267,
    4.54736000392586e-05,
    -0.09944231808185577,
    0.0015081684105098248,
    9.873027693174663e-07,
    -1.6979892052404466e-06,
    0.2077452540397644,
    0.5011594891548157,
    0.5000447630882263,
    0.190633624792099,
    0.1456574946641922,
    0.02859523706138134,
    0.6179456114768982,
    0.7938855290412903,
    0.003996650222688913,
    0.3780577480792999,
    0.3140479028224945,
    0.18897178769111633,
    0.26927274465560913,
    0.14631547033786774,
    0.08139210194349289,
    0.49862971901893616,
    0.6397939324378967,
    0.03478989005088806,
    0.004050612915307283,
    0.49827226996421814,
    0.30710768699645996,
    0.03727889806032181,
    0.33338984847068787,
    0.25327345728874207,
    0.4828905761241913,
    0.5006940364837646,
    0.4992559850215912,
    0.499930202960968,
    0.5016173720359802,
    0.5000337362289429,
    0.3446311056613922,
    0.16070248186588287,
    -0.05959124490618706,
    -0.00010549706348683685,
    0.4996241331100464,
    9.211651672558219e-07,
    -0.03421926870942116,
    0.04472492262721062,
    0.07735949754714966,
    -2.6153887233704154e-07,
    0.2867272198200226,
    0.5424132347106934,
    1.5284770142898196e-06,
    1.5533178157056682e-06,
    0.30951645970344543,
    0.3977673649787903,
    0.0019577310886234045,
    -8.860188245307654e-07,
    0.15355786681175232,
    0.01596899889409542,
    0.0018334543565288186,
    -2.032095193862915,
    0.5002384781837463,
    0.655247688293457,
    4.313775571063161e-05,
    0.0031968203838914633,
    2.935141765192384e-07,
    0.04233973100781441,
    -0.0008500812109559774,
    0.014924932271242142,
    0.0033377567306160927,
    0.1657562553882599,
    0.6277174353599548,
    0.3099496066570282,
    0.6586353182792664,
    0.015588491223752499,
    0.013579091057181358
  ],
  "stds": [
    0.0028191045857965946,
    0.1590481400489807,
    3.682486057281494,
    16.241849899291992,
    54.87384033203125,
    0.0027566938661038876,
    7.237111568450928,
    0.35320982336997986,
    0.0007266325410455465,
    0.0013199568493291736,
    0.10649990290403366,
    0.26901572942733765,
    0.1094011664390564,
    0.10739158093929291,
    0.17775653302669525,
    0.016108769923448563,
    0.4858582317829132,
    0.17662137746810913,
    0.06311072409152985,
    0.4847666919231415,
    0.46415796875953674,
    0.3916250169277191,
    0.44348254799842834,
    0.3535001277923584,
    0.2735203802585602,
    0.4999946057796478,
    0.48005396127700806,
    0.1832725703716278,
    0.003463014494627714,
    0.3342836797237396,
    0.4614625573158264,
    0.03065810725092888,
    0.06083342805504799,
    0.4349578320980072,
    0.12268376350402832,
    0.1546378880739212,
    0.28141915798187256,
    0.11103753000497818,
    0.32910212874412537,
    0.11351200938224792,
    0.16994191706180573,
    0.19098028540611267,
    0.7041962146759033,
    0.7075005173683167,
    0.117965467274189,
    0.0003815410891547799,
    0.24537166953086853,
    0.036555804312229156,
    0.05661843717098236,
    0.00032726326026022434,
    0.10863269120454788,
    0.1491609662771225,
    0.0006801564595662057,
    0.0006029969663359225,
    0.2802923023700714,
    0.16370457410812378,
    0.032269496470689774,
    0.0006460445583797991,
    0.2883813679218292,
    0.49356114864349365,
    0.0020591234788298607,
    3.0694754123687744,
    0.25338828563690186,
    0.4754221439361572,
    0.017918499186635017,
    0.4725151062011719,
    0.00023928895825520158,
    3.6822547912597656,
    0.6322594285011292,
    0.03844009339809418,
    0.1169607862830162,
    0.29967576265335083,
    0.3429509997367859,
    0.375072181224823,
    0.7408574819564819,
    0.01589188165962696,
    0.1231732964515686
  ],
  "feature_names": [
    "ptb_dist_pct",
    "rsi_norm",
    "rsi_slope",
    "macd_hist",
    "macd_line",
    "vwap_dist",
    "vwap_slope",
    "ha_signed_consec",
    "delta_1m_pct",
    "delta_3m_pct",
    "vol_ratio_norm",
    "minutes_left_norm",
    "rule_prob_up",
    "rule_confidence",
    "vwap_cross_count_norm",
    "best_edge",
    "regime_trending",
    "regime_confidence",
    "regime_mean_reverting",
    "regime_moderate",
    "session_asia",
    "session_europe",
    "session_us",
    "session_overlap",
    "session_offhours",
    "ha_is_green",
    "multi_tf_agreement",
    "failed_vwap_reclaim",
    "bb_width",
    "bb_percent_b",
    "bb_squeeze",
    "atr_pct_norm",
    "atr_ratio_norm",
    "atr_expanding",
    "vol_delta_buy_ratio",
    "vol_delta_accel",
    "ema_dist_norm",
    "ema_cross_signal",
    "stoch_k_norm",
    "stoch_kd_norm",
    "volume_acceleration",
    "bb_squeeze_intensity",
    "hour_sin",
    "hour_cos",
    "market_yes_price",
    "market_price_momentum",
    "orderbook_imbalance",
    "spread_pct",
    "crowd_model_divergence",
    "momentum_5candle_slope",
    "volatility_change_ratio",
    "price_consistency",
    "delta_1m_capped",
    "momentum_accel",
    "rsi_x_trending",
    "rsi_x_regime_conf",
    "rsi_x_mean_rev",
    "delta1m_x_multitf",
    "bb_pctb_x_squeeze",
    "vol_buy_x_delta",
    "vwap_trend_strength",
    "rsi_divergence",
    "combined_oscillator",
    "ha_delta_agree",
    "delta_1m_atr_adj",
    "price_position_score",
    "vol_weighted_momentum",
    "macd_x_rsi_slope",
    "trend_alignment_score",
    "oscillator_extreme",
    "vol_momentum_confirm",
    "squeeze_breakout_potential",
    "multi_indicator_agree",
    "stoch_rsi_extreme",
    "crowd_agree_momentum",
    "divergence_x_confidence",
    "imbalance_x_vol_delta"
  ],
  "num_features": 77,
  "original_features": 52,
  "platt_a": 5.198870965743457,
  "platt_b": -2.601973916470501,
  "pruned_features": [
    "vol_ratio_norm",
    "minutes_left_norm",
    "regime_trending",
    "regime_mean_reverting",
    "regime_moderate",
    "session_asia",
    "session_us",
    "session_overlap",
    "bb_squeeze",
    "atr_expanding",
    "ema_cross_signal",
    "hour_sin",
    "spread_pct",
    "crowd_model_divergence",
    "volatility_change_ratio",
    "price_consistency",
    "rsi_x_mean_rev",
    "bb_pctb_x_squeeze",
    "macd_x_rsi_slope",
    "crowd_agree_momentum"
  ],
  "engineered_feature_specs": {
    "delta_1m_capped": {
      "type": "clip",
      "source": "delta_1m_pct",
      "clip_std": 3
    },
    "momentum_accel": {
      "type": "formula",
      "formula": "delta_1m - delta_3m/3"
    },
    "rsi_x_trending": {
      "type": "multiply",
      "a": "rsi_norm",
      "b": "regime_trending"
    },
    "rsi_x_regime_conf": {
      "type": "multiply",
      "a": "rsi_norm",
      "b": "regime_confidence"
    },
    "rsi_x_mean_rev": {
      "type": "multiply",
      "a": "rsi_norm",
      "b": "regime_mean_reverting"
    },
    "delta1m_x_multitf": {
      "type": "multiply",
      "a": "delta_1m_pct",
      "b": "multi_tf_agreement"
    },
    "bb_pctb_x_squeeze": {
      "type": "multiply",
      "a": "bb_percent_b",
      "b": "bb_squeeze"
    },
    "vol_buy_x_delta": {
      "type": "formula",
      "formula": "vol_delta_buy_ratio * sign(delta_1m_pct)"
    },
    "vwap_trend_strength": {
      "type": "formula",
      "formula": "vwap_dist * sign(vwap_slope)"
    },
    "rsi_divergence": {
      "type": "formula",
      "formula": "sign(delta_3m_pct) * (-rsi_slope)"
    },
    "combined_oscillator": {
      "type": "formula",
      "formula": "(rsi_norm + stoch_k_norm + bb_percent_b) / 3"
    },
    "ha_delta_agree": {
      "type": "formula",
      "formula": "sign(ha_signed_consec) == sign(delta_1m_pct) ? 1 : 0"
    },
    "delta_1m_atr_adj": {
      "type": "formula",
      "formula": "delta_1m_pct / max(atr_pct_norm, 0.01)"
    },
    "price_position_score": {
      "type": "formula",