{
  "version": 2,
  "means": [
    -2.9975186407682486e-05,
    0.4992177188396454,
    0.017408518120646477,
    0.06348385661840439,
    -0.8332018256187439,
    -3.7941902064630995e-06,
    -0.17906218767166138,
    0.00017931179900188,
    1.020274339680327e-06,
    -8.944919500208925e-06,
    0.20917510986328125,
    0.5009493827819824,
    0.49981194734573364,
    0.1062500849366188,
    0.14570218324661255,
    0.015937572345137596,
    0.613941490650177,
    0.18028117716312408,
    0.00363907590508461,
    0.2021382451057434,
    0.30846256017684937,
    0.18213462829589844,
    0.27390262484550476,
    0.15697753429412842,
    0.07852266728878021,
    0.4988020360469818,
    0.6360697746276855,
    0.033520184457302094,
    0.003995304927229881,
    0.4959089457988739,
    0.3087790012359619,
    0.03674294427037239,
    0.33627185225486755,
    0.2684101164340973,
    0.4814772307872772,
    0.5012481212615967,
    0.4947928488254547,
    0.5010510087013245,
    0.4999067485332489,
    0.49967247247695923,
    0.5,
    0.5,
    -0.07875902950763702,
    -0.005027639213949442,
    0.49854135513305664,
    5.101679221297672e-07,
    -0.03704645112156868,
    0.044077690690755844,
    0.06295184791088104,
    5.277228183331317e-07,
    4.001920842711115e-06,
    0.3063875734806061,
    0.08994481712579727,
    0.001812552334740758,
    -3.087035565840779e-06,
    0.15492093563079834,
    0.014898103661835194,
    0.001813732204027474,
    -1.9676086902618408,
    0.49834325909614563,
    0.6569323539733887,
    3.7661553506040946e-05,
    -0.0017629429930821061,
    -2.2611619954204798e-07,
    -0.011932587251067162,
    -0.004859635606408119,
    0.015374637208878994,
    0.002915953053161502,
    0.16712842881679535,
    0.6251009106636047,
    0.31340742111206055,
    0.9792279005050659,
    0.007067176513373852,
    0.015256424434483051
  ],
  "stds": [
    0.002808938967064023,
    0.16016604006290436,
    3.6201353073120117,
    16.81646156311035,
    56.99205780029297,
    0.0027450602501630783,
    7.846705913543701,
    0.3553793728351593,
    0.0006979394238442183,
    0.0012787223095074296,
    0.10886666178703308,
    0.2684688866138458,
    0.05332912877202034,
    0.009326234459877014,
    0.1783338338136673,
    0.001398935099132359,
    0.4868740439414978,
    0.38448578119277954,
    0.0602225698530674,
    0.4016488492488861,
    0.461834579706192,
    0.3859928548336029,
    0.44603851437568665,
    0.36369428038597107,
    0.2689879238605499,
    0.49999764561653137,
    0.4811347723007202,
    0.17995001375675201,
    0.0034876863937824965,
    0.3326033651828766,
    0.46202608942985535,
    0.0307603906840086,
    0.06180563569068909,
    0.44320476055145264,
    0.12863360345363617,
    0.15946805477142334,
    0.2801074683666229,
    0.11120861023664474,
    0.33004632592201233,
    0.11069000512361526,
    1.0,
    1.0,
    0.7025370597839355,
    0.7072628736495972,
    0.11654931306838989,
    0.0003489700029604137,
    0.25726720690727234,
    0.03652236983180046,
    0.06344638764858246,
    0.0006526816869154572,
    0.0005708751850761473,
    0.2804630398750305,
    0.19841603934764862,
    0.031443387269973755,
    0.0006199626950547099,
    0.2881261110305786,
    0.49286508560180664,
    0.002060520462691784,
    3.0370991230010986,
    0.253778874874115,
    0.4748031497001648,
    0.017431775107979774,
    0.47237661480903625,
    0.0002364519314141944,
    3.6201601028442383,
    0.6275441646575928,
    0.03913325443863869,
    0.1174791231751442,
    0.3005410134792328,
    0.3550401031970978,
    0.3772786259651184,
    0.14261019229888916,
    0.00844909530133009,
    0.12842930853366852
  ],
  "feature_names": [
    "ptb_dist_pct",
    "rsi_norm",
    "rsi_slope",
    "macd_hist",
    "macd_line",
    "vwap_dist",
    "vwap_slope",
    "ha_signed_consec",
    "delta_1m_pct",
    "delta_3m_pct",
    "vol_ratio_norm",
    "minutes_left_norm",
    "rule_prob_up",
    "rule_confidence",
    "vwap_cross_count_norm",
    "best_edge",
    "regime_trending",
    "regime_choppy",
    "regime_mean_reverting",
    "regime_moderate",
    "session_asia",
    "session_europe",
    "session_us",
    "session_overlap",
    "session_offhours",
    "ha_is_green",
    "multi_tf_agreement",
    "failed_vwap_reclaim",
    "bb_width",
    "bb_percent_b",
    "bb_squeeze",
    "atr_pct_norm",
    "atr_ratio_norm",
    "atr_expanding",
    "vol_delta_buy_ratio",
    "vol_delta_accel",
    "ema_dist_norm",
    "ema_cross_signal",
    "stoch_k_norm",
    "stoch_kd_norm",
    "funding_rate_norm",
    "funding_sentiment",
    "hour_sin",
    "hour_cos",
    "market_yes_price",
    "market_price_momentum",
    "orderbook_imbalance",
    "spread_pct",
    "crowd_model_divergence",
    "delta_1m_capped",
    "momentum_accel",
    "rsi_x_trending",
    "rsi_x_choppy",
    "rsi_x_mean_rev",
    "delta1m_x_multitf",
    "bb_pctb_x_squeeze",
    "vol_buy_x_delta",
    "vwap_trend_strength",
    "rsi_divergence",
    "combined_oscillator",
    "ha_delta_agree",
    "delta_1m_atr_adj",
    "price_position_score",
    "vol_weighted_momentum",
    "macd_x_rsi_slope",
    "trend_alignment_score",
    "oscillator_extreme",
    "vol_momentum_confirm",
    "squeeze_breakout_potential",
    "multi_indicator_agree",
    "stoch_rsi_extreme",
    "crowd_agree_momentum",
    "divergence_x_confidence",
    "imbalance_x_vol_delta"
  ],
  "num_features": 74,
  "original_features": 49,
  "platt_a": 4.268699184008529,
  "platt_b": -2.151881385343087,
  "pruned_features": [
    "regime_mean_reverting",
    "failed_vwap_reclaim",
    "funding_rate_norm",
    "funding_sentiment",
    "rsi_x_mean_rev"
  ],
  "engineered_feature_specs": {
    "delta_1m_capped": {
      "type": "clip",
      "source": "delta_1m_pct",
      "clip_std": 3
    },
    "momentum_accel": {
      "type": "formula",
      "formula": "delta_1m - delta_3m/3"
    },
    "rsi_x_trending": {
      "type": "multiply",
      "a": "rsi_norm",
      "b": "regime_trending"
    },
    "rsi_x_choppy": {
      "type": "multiply",
      "a": "rsi_norm",
      "b": "regime_choppy"
    },
    "rsi_x_mean_rev": {
      "type": "multiply",
      "a": "rsi_norm",
      "b": "regime_mean_reverting"
    },
    "delta1m_x_multitf": {
      "type": "multiply",
      "a": "delta_1m_pct",
      "b": "multi_tf_agreement"
    },
    "bb_pctb_x_squeeze": {
      "type": "multiply",
      "a": "bb_percent_b",
      "b": "bb_squeeze"
    },
    "vol_buy_x_delta": {
      "type": "formula",
      "formula": "vol_delta_buy_ratio * sign(delta_1m_pct)"
    },
    "vwap_trend_strength": {
      "type": "formula",
      "formula": "vwap_dist * sign(vwap_slope)"
    },
    "rsi_divergence": {
      "type": "formula",
      "formula": "sign(delta_3m_pct) * (-rsi_slope)"
    },
    "combined_oscillator": {
      "type": "formula",
      "formula": "(rsi_norm + stoch_k_norm + bb_percent_b) / 3"
    },
    "ha_delta_agree": {
      "type": "formula",
      "formula": "sign(ha_signed_consec) == sign(delta_1m_pct) ? 1 : 0"
    },
    "delta_1m_atr_adj": {
      "type": "formula",
      "formula": "delta_1m_pct / max(atr_pct_norm, 0.01)"
    },
    "price_position_score": {
      "type": "formula",
      "formula": "sign(vwap_dist)*0.4 + (bb_percent_b-0.5)*0.3 + (ema_cross_signal-0.5)*0.3"
    },
    "vol_weighted_momentum": {
      "type": "multiply",
      "a": "delta_1m_pct",
      "b": "vol_ratio_norm"
    },
    "macd_x_rsi_slope": {
      "type": "formula",
      "formula": "sign(macd_line) * rsi_slope"
    },
    "trend_alignment_score": {
      "type": "formula",
      "formula": "regime_trending * multi_tf_agreement * sign(delta_1m_pct)"
    },
    "oscillator_extreme": {
      "type": "formula",
      "formula": "max(rsi_norm - 0.7, 0) + max(0.3 - rsi_norm, 0)"
    },
    "vol_momentum_confirm": {
      "type": "formula",
      "formula": "vol_delta_buy_ratio * sign(delta_1m_pct) * vol_ratio_norm"
    },